genome,secondary_cluster,threshold,cluster_method,comparison_algorithm,primary_cluster
gb10_f_bin.24.fa,1_1,0.050000000000000044,average,gANI,1
gb5_6_f_bin.6.fa,1_1,0.050000000000000044,average,gANI,1
sw_7_bin.12.fa,2_1,0.050000000000000044,average,gANI,2
sw_8_bin.6.fa,2_1,0.050000000000000044,average,gANI,2
sw_9_bin.6.fa,2_1,0.050000000000000044,average,gANI,2
gb5_6_f_bin.38.fa,3_0,0.050000000000000044,average,gANI,3
sw_7_bin.7.fa,4_1,0.050000000000000044,average,gANI,4
sw_8_bin.8.fa,4_1,0.050000000000000044,average,gANI,4
sw_9_bin.10.fa,4_1,0.050000000000000044,average,gANI,4
sw_7_bin.14.fa,5_1,0.050000000000000044,average,gANI,5
sw_9_bin.2.fa,5_1,0.050000000000000044,average,gANI,5
sw_7_bin.1.fa,6_1,0.050000000000000044,average,gANI,6
sw_8_bin.10.fa,6_1,0.050000000000000044,average,gANI,6
sw_9_bin.14.fa,6_1,0.050000000000000044,average,gANI,6
Dys1.1_bin.1.fa,7_1,0.050000000000000044,average,gANI,7
Dys1.2_bin.1.fa,7_1,0.050000000000000044,average,gANI,7
Dys2.1_bin.7.fa,7_1,0.050000000000000044,average,gANI,7
sw_8_bin.11.fa,8_1,0.050000000000000044,average,gANI,8
sw_9_bin.4.fa,8_1,0.050000000000000044,average,gANI,8
sw_8_bin.5.fa,9_1,0.050000000000000044,average,gANI,9
sw_9_bin.7.fa,9_1,0.050000000000000044,average,gANI,9
Aply22_bin.13.fa,10_1,0.050000000000000044,average,gANI,10
Aply23_bin.4.fa,10_1,0.050000000000000044,average,gANI,10
gb5_6_f_bin.25.fa,11_0,0.050000000000000044,average,gANI,11
gb_1_f_bin.30.fa,12_1,0.050000000000000044,average,gANI,12
gb_2_f_bin.8.fa,12_1,0.050000000000000044,average,gANI,12
gb_f_3_bin.14.fa,12_1,0.050000000000000044,average,gANI,12
sw_8_bin.15.fa,13_0,0.050000000000000044,average,gANI,13
Dys2.1_bin.8.fa,14_0,0.050000000000000044,average,gANI,14
Pf11_bin.62.fa,15_1,0.050000000000000044,average,gANI,15
Pf12_bin.45.fa,15_1,0.050000000000000044,average,gANI,15
Pf5_bin.8.fa,15_1,0.050000000000000044,average,gANI,15
Pf6_bin.49.fa,15_1,0.050000000000000044,average,gANI,15
Pf8_bin.41.fa,15_1,0.050000000000000044,average,gANI,15
Pf9_bin.36.fa,15_1,0.050000000000000044,average,gANI,15
gb10_f_bin.52.fa,16_1,0.050000000000000044,average,gANI,16
gb5_6_f_bin.28.fa,16_1,0.050000000000000044,average,gANI,16
gb_1_f_bin.37.fa,16_1,0.050000000000000044,average,gANI,16
gb_2_f_bin.4.fa,16_1,0.050000000000000044,average,gANI,16
gb_f_3_bin.34.fa,16_1,0.050000000000000044,average,gANI,16
gb_f_9_bin.27.fa,16_1,0.050000000000000044,average,gANI,16
Dys2.1_bin.4.fa,17_0,0.050000000000000044,average,gANI,17
Dys2.1_bin.6.fa,18_0,0.050000000000000044,average,gANI,18
gb10_f_bin.32.fa,19_0,0.050000000000000044,average,gANI,19
gb_1_f_bin.6.fa,20_1,0.050000000000000044,average,gANI,20
gb_2_f_bin.27.fa,20_1,0.050000000000000044,average,gANI,20
Pf10_bin.31.fa,21_1,0.050000000000000044,average,gANI,21
Pf11_bin.7.fa,21_1,0.050000000000000044,average,gANI,21
Pf12_bin.39.fa,21_1,0.050000000000000044,average,gANI,21
Pf4_bin.15.fa,21_1,0.050000000000000044,average,gANI,21
Pf5_bin.20.fa,21_1,0.050000000000000044,average,gANI,21
Pf6_bin.42.fa,21_1,0.050000000000000044,average,gANI,21
Pf7_bin.49.fa,21_1,0.050000000000000044,average,gANI,21
Pf8_bin.21.fa,21_1,0.050000000000000044,average,gANI,21
Pf9_bin.7.fa,21_1,0.050000000000000044,average,gANI,21
gb_1_f_bin.32.fa,22_1,0.050000000000000044,average,gANI,22
gb_2_f_bin.24.fa,22_1,0.050000000000000044,average,gANI,22
gb_f_3_bin.27.fa,22_1,0.050000000000000044,average,gANI,22
gb278_bin.32.fa,23_1,0.050000000000000044,average,gANI,23
gb305_bin.70.fa,23_1,0.050000000000000044,average,gANI,23
gb_2_f_bin.26.fa,24_1,0.050000000000000044,average,gANI,24
gb_f_9_bin.12.fa,24_1,0.050000000000000044,average,gANI,24
Dys2.1_bin.3.fa,25_0,0.050000000000000044,average,gANI,25
Cr15_bin.3.fa,26_1,0.050000000000000044,average,gANI,26
Cr50_bin.2.fa,26_1,0.050000000000000044,average,gANI,26
Cr90_bin.1.fa,26_1,0.050000000000000044,average,gANI,26
Dys1.2_bin.3.fa,26_1,0.050000000000000044,average,gANI,26
gb10_f_bin.2.fa,27_1,0.050000000000000044,average,gANI,27
gb5_6_f_bin.55.fa,27_1,0.050000000000000044,average,gANI,27
gb_1_f_bin.31.fa,27_1,0.050000000000000044,average,gANI,27
gb_2_f_bin.37.fa,27_1,0.050000000000000044,average,gANI,27
gb_f_3_bin.32.fa,27_1,0.050000000000000044,average,gANI,27
Pf4_bin.22.fa,28_0,0.050000000000000044,average,gANI,28
gb5_6_f_bin.4.fa,29_0,0.050000000000000044,average,gANI,29
gb_f_9_bin.10.fa,30_0,0.050000000000000044,average,gANI,30
gb10_f_bin.50.fa,31_1,0.050000000000000044,average,gANI,31
gb5_6_f_bin.51.fa,31_1,0.050000000000000044,average,gANI,31
gb_1_f_bin.20.fa,31_1,0.050000000000000044,average,gANI,31
gb_2_f_bin.10.fa,31_1,0.050000000000000044,average,gANI,31
gb_f_3_bin.5.fa,31_1,0.050000000000000044,average,gANI,31
gb_f_9_bin.22.fa,31_1,0.050000000000000044,average,gANI,31
gb10_f_bin.12.fa,32_1,0.050000000000000044,average,gANI,32
gb5_6_f_bin.19.fa,32_1,0.050000000000000044,average,gANI,32
gb_1_f_bin.27.fa,32_1,0.050000000000000044,average,gANI,32
gb_2_f_bin.20.fa,32_1,0.050000000000000044,average,gANI,32
gb_f_3_bin.12.fa,32_1,0.050000000000000044,average,gANI,32
gb_f_9_bin.9.fa,32_1,0.050000000000000044,average,gANI,32
gb10_f_bin.30.fa,33_1,0.050000000000000044,average,gANI,33
gb5_6_f_bin.39.fa,33_1,0.050000000000000044,average,gANI,33
gb10_f_bin.34.fa,34_0,0.050000000000000044,average,gANI,34
gb10_f_bin.44.fa,35_1,0.050000000000000044,average,gANI,35
gb5_6_f_bin.33.fa,35_1,0.050000000000000044,average,gANI,35
gb_1_f_bin.17.fa,35_1,0.050000000000000044,average,gANI,35
gb_2_f_bin.12.fa,35_1,0.050000000000000044,average,gANI,35
gb_f_3_bin.31.fa,35_1,0.050000000000000044,average,gANI,35
gb_f_9_bin.14.fa,35_1,0.050000000000000044,average,gANI,35
gb10_f_bin.46.fa,36_1,0.050000000000000044,average,gANI,36
gb5_6_f_bin.60.fa,36_1,0.050000000000000044,average,gANI,36
Pf12_bin.13.fa,37_0,0.050000000000000044,average,gANI,37
Pf6_bin.41.fa,38_0,0.050000000000000044,average,gANI,38
Pf5_bin.15.fa,39_1,0.050000000000000044,average,gANI,39
Pf7_bin.30.fa,39_1,0.050000000000000044,average,gANI,39
Pf9_bin.23.fa,40_0,0.050000000000000044,average,gANI,40
gb10_f_bin.6.fa,41_1,0.050000000000000044,average,gANI,41
gb5_6_f_bin.52.fa,41_1,0.050000000000000044,average,gANI,41
gb_1_f_bin.15.fa,41_1,0.050000000000000044,average,gANI,41
gb_2_f_bin.18.fa,41_1,0.050000000000000044,average,gANI,41
gb_f_3_bin.11.fa,41_1,0.050000000000000044,average,gANI,41
gb_f_9_bin.21.fa,41_1,0.050000000000000044,average,gANI,41
gb10_f_bin.39.fa,42_1,0.050000000000000044,average,gANI,42
gb5_6_f_bin.21.fa,42_1,0.050000000000000044,average,gANI,42
gb_1_f_bin.36.fa,42_1,0.050000000000000044,average,gANI,42
gb_2_f_bin.28.fa,42_1,0.050000000000000044,average,gANI,42
gb_f_3_bin.26.fa,42_1,0.050000000000000044,average,gANI,42
gb_f_9_bin.32.fa,42_1,0.050000000000000044,average,gANI,42
gb5_6_f_bin.2.fa,43_0,0.050000000000000044,average,gANI,43
gb5_6_f_bin.47.fa,44_1,0.050000000000000044,average,gANI,44
gb_1_f_bin.34.fa,44_1,0.050000000000000044,average,gANI,44
gb_2_f_bin.32.fa,44_1,0.050000000000000044,average,gANI,44
gb_f_3_bin.30.fa,44_1,0.050000000000000044,average,gANI,44
gb_f_9_bin.16.fa,44_1,0.050000000000000044,average,gANI,44
gb10_f_bin.33.fa,45_1,0.050000000000000044,average,gANI,45
gb5_6_f_bin.5.fa,45_1,0.050000000000000044,average,gANI,45
gb_1_f_bin.13.fa,45_1,0.050000000000000044,average,gANI,45
gb_f_9_bin.17.fa,45_1,0.050000000000000044,average,gANI,45
gb10_f_bin.58.fa,46_1,0.050000000000000044,average,gANI,46
gb5_6_f_bin.48.fa,46_1,0.050000000000000044,average,gANI,46
gb_1_f_bin.39.fa,46_1,0.050000000000000044,average,gANI,46
gb_2_f_bin.7.fa,46_1,0.050000000000000044,average,gANI,46
gb_f_3_bin.35.fa,46_1,0.050000000000000044,average,gANI,46
gb_f_9_bin.26.fa,46_1,0.050000000000000044,average,gANI,46
gb5_6_f_bin.31.fa,47_1,0.050000000000000044,average,gANI,47
gb_1_f_bin.26.fa,47_1,0.050000000000000044,average,gANI,47
gb_f_3_bin.7.fa,47_1,0.050000000000000044,average,gANI,47
gb_f_9_bin.1.fa,47_1,0.050000000000000044,average,gANI,47
gb5_6_f_bin.24.fa,48_0,0.050000000000000044,average,gANI,48
Pf10_bin.48.fa,49_1,0.050000000000000044,average,gANI,49
Pf4_bin.61.fa,49_1,0.050000000000000044,average,gANI,49
Aply16_bin.10.fa,50_1,0.050000000000000044,average,gANI,50
Aply21_bin.2.fa,50_1,0.050000000000000044,average,gANI,50
Aply22_bin.6.fa,50_1,0.050000000000000044,average,gANI,50
Aply23_bin.13.fa,50_1,0.050000000000000044,average,gANI,50
Aply16_bin.17.fa,51_1,0.050000000000000044,average,gANI,51
Aply21_bin.18.fa,51_1,0.050000000000000044,average,gANI,51
Aply22_bin.9.fa,51_1,0.050000000000000044,average,gANI,51
Pf5_bin.18.fa,51_1,0.050000000000000044,average,gANI,51
gb126_bin.8.fa,52_1,0.050000000000000044,average,gANI,52
gb278_bin.71.fa,52_1,0.050000000000000044,average,gANI,52
gb305_bin.79.fa,52_1,0.050000000000000044,average,gANI,52
gb7_bin.36.fa,53_0,0.050000000000000044,average,gANI,53
gb10_f_bin.14.fa,54_0,0.050000000000000044,average,gANI,54
gb_f_9_bin.7.fa,55_0,0.050000000000000044,average,gANI,55
sw_9_bin.16.fa,56_0,0.050000000000000044,average,gANI,56
Pf10_bin.49.fa,57_1,0.050000000000000044,average,gANI,57
Pf11_bin.30.fa,57_1,0.050000000000000044,average,gANI,57
Pf12_bin.31.fa,57_1,0.050000000000000044,average,gANI,57
Pf4_bin.38.fa,57_1,0.050000000000000044,average,gANI,57
Pf5_bin.53.fa,57_1,0.050000000000000044,average,gANI,57
Pf6_bin.27.fa,57_1,0.050000000000000044,average,gANI,57
Pf7_bin.32.fa,57_1,0.050000000000000044,average,gANI,57
Pf8_bin.26.fa,57_1,0.050000000000000044,average,gANI,57
Aply21_bin.14.fa,58_1,0.050000000000000044,average,gANI,58
Aply23_bin.21.fa,58_1,0.050000000000000044,average,gANI,58
Aply22_bin.42.fa,59_0,0.050000000000000044,average,gANI,59
Pf12_bin.54.fa,60_1,0.050000000000000044,average,gANI,60
Pf4_bin.26.fa,60_1,0.050000000000000044,average,gANI,60
Pf9_bin.32.fa,60_1,0.050000000000000044,average,gANI,60
gb10_bin.34.fa,61_1,0.050000000000000044,average,gANI,61
gb126_bin.60.fa,61_1,0.050000000000000044,average,gANI,61
gb1_bin.37.fa,61_1,0.050000000000000044,average,gANI,61
gb278_bin.13.fa,61_1,0.050000000000000044,average,gANI,61
gb2_2_bin.39.fa,61_1,0.050000000000000044,average,gANI,61
gb305_bin.58.fa,61_1,0.050000000000000044,average,gANI,61
gb3_2_bin.4.fa,61_1,0.050000000000000044,average,gANI,61
gb4_2_bin.55.fa,61_1,0.050000000000000044,average,gANI,61
gb5_2_bin.19.fa,61_1,0.050000000000000044,average,gANI,61
gb6_bin.19.fa,61_1,0.050000000000000044,average,gANI,61
gb7_bin.35.fa,61_1,0.050000000000000044,average,gANI,61
gb8_2_bin.39.fa,61_1,0.050000000000000044,average,gANI,61
gb9_bin.42.fa,61_1,0.050000000000000044,average,gANI,61
gb10_bin.23.fa,62_1,0.050000000000000044,average,gANI,62
gb126_bin.53.fa,62_1,0.050000000000000044,average,gANI,62
gb1_bin.11.fa,62_1,0.050000000000000044,average,gANI,62
gb278_bin.43.fa,62_1,0.050000000000000044,average,gANI,62
gb305_bin.17.fa,62_1,0.050000000000000044,average,gANI,62
gb4_2_bin.13.fa,62_1,0.050000000000000044,average,gANI,62
gb5_2_bin.41.fa,62_1,0.050000000000000044,average,gANI,62
gb6_bin.47.fa,62_1,0.050000000000000044,average,gANI,62
gb7_bin.22.fa,62_1,0.050000000000000044,average,gANI,62
gb8_2_bin.67.fa,62_1,0.050000000000000044,average,gANI,62
gb9_bin.44.fa,62_1,0.050000000000000044,average,gANI,62
gb10_bin.19.fa,63_1,0.050000000000000044,average,gANI,63
gb126_bin.37.fa,63_1,0.050000000000000044,average,gANI,63
gb2_2_bin.55.fa,63_1,0.050000000000000044,average,gANI,63
gb5_2_bin.47.fa,63_1,0.050000000000000044,average,gANI,63
gb9_bin.18.fa,63_1,0.050000000000000044,average,gANI,63
gb10_bin.57.fa,64_0,0.050000000000000044,average,gANI,64
gb10_f_bin.13.fa,65_1,0.050000000000000044,average,gANI,65
gb5_6_f_bin.61.fa,65_1,0.050000000000000044,average,gANI,65
Aply22_bin.15.fa,66_0,0.050000000000000044,average,gANI,66
gb126_bin.61.fa,67_1,0.050000000000000044,average,gANI,67
gb4_2_bin.39.fa,67_1,0.050000000000000044,average,gANI,67
gb5_2_bin.33.fa,67_1,0.050000000000000044,average,gANI,67
gb7_bin.55.fa,67_1,0.050000000000000044,average,gANI,67
gb8_2_bin.53.fa,67_1,0.050000000000000044,average,gANI,67
Aply16_bin.21.fa,68_1,0.050000000000000044,average,gANI,68
Aply21_bin.13.fa,68_1,0.050000000000000044,average,gANI,68
Aply22_bin.28.fa,68_1,0.050000000000000044,average,gANI,68
Aply23_bin.7.fa,68_1,0.050000000000000044,average,gANI,68
gb10_bin.10.fa,69_1,0.050000000000000044,average,gANI,69
gb126_bin.38.fa,69_1,0.050000000000000044,average,gANI,69
gb1_bin.42.fa,69_1,0.050000000000000044,average,gANI,69
gb278_bin.34.fa,69_1,0.050000000000000044,average,gANI,69
gb2_2_bin.16.fa,69_1,0.050000000000000044,average,gANI,69
gb305_bin.63.fa,69_1,0.050000000000000044,average,gANI,69
gb4_2_bin.59.fa,69_1,0.050000000000000044,average,gANI,69
gb5_2_bin.3.fa,69_1,0.050000000000000044,average,gANI,69
gb6_bin.30.fa,69_1,0.050000000000000044,average,gANI,69
gb7_bin.7.fa,69_1,0.050000000000000044,average,gANI,69
gb8_2_bin.54.fa,69_1,0.050000000000000044,average,gANI,69
gb9_bin.16.fa,69_1,0.050000000000000044,average,gANI,69
Pf10_bin.9.fa,70_1,0.050000000000000044,average,gANI,70
Pf11_bin.20.fa,70_1,0.050000000000000044,average,gANI,70
Pf12_bin.22.fa,70_1,0.050000000000000044,average,gANI,70
Pf4_bin.49.fa,70_1,0.050000000000000044,average,gANI,70
Pf5_bin.42.fa,70_1,0.050000000000000044,average,gANI,70
Pf6_bin.45.fa,70_1,0.050000000000000044,average,gANI,70
Pf7_bin.12.fa,70_1,0.050000000000000044,average,gANI,70
Pf8_bin.42.fa,70_1,0.050000000000000044,average,gANI,70
Pf9_bin.40.fa,70_2,0.050000000000000044,average,gANI,70
gb2_2_bin.5.fa,71_1,0.050000000000000044,average,gANI,71
gb4_2_bin.50.fa,71_1,0.050000000000000044,average,gANI,71
gb5_2_bin.29.fa,71_1,0.050000000000000044,average,gANI,71
gb7_bin.10.fa,71_1,0.050000000000000044,average,gANI,71
gb8_2_bin.46.fa,71_1,0.050000000000000044,average,gANI,71
gb9_bin.27.fa,71_1,0.050000000000000044,average,gANI,71
Pf10_bin.3.fa,72_1,0.050000000000000044,average,gANI,72
Pf6_bin.4.fa,72_1,0.050000000000000044,average,gANI,72
Pf8_bin.49.fa,73_0,0.050000000000000044,average,gANI,73
gb1_bin.66.fa,74_1,0.050000000000000044,average,gANI,74
gb7_bin.5.fa,74_1,0.050000000000000044,average,gANI,74
Pf11_bin.65.fa,75_1,0.050000000000000044,average,gANI,75
Pf12_bin.49.fa,75_1,0.050000000000000044,average,gANI,75
Pf7_bin.38.fa,75_1,0.050000000000000044,average,gANI,75
Aply16_bin.2.fa,75_2,0.050000000000000044,average,gANI,75
Aply22_bin.8.fa,75_2,0.050000000000000044,average,gANI,75
Pf9_bin.14.fa,75_3,0.050000000000000044,average,gANI,75
Pf5_bin.4.fa,76_0,0.050000000000000044,average,gANI,76
Aply22_bin.38.fa,77_1,0.050000000000000044,average,gANI,77
Pf5_bin.37.fa,77_1,0.050000000000000044,average,gANI,77
Pf6_bin.19.fa,77_1,0.050000000000000044,average,gANI,77
Pf9_bin.10.fa,77_2,0.050000000000000044,average,gANI,77
Aply21_bin.10.fa,78_1,0.050000000000000044,average,gANI,78
Pf11_bin.51.fa,78_1,0.050000000000000044,average,gANI,78
Pf12_bin.33.fa,78_1,0.050000000000000044,average,gANI,78
Aply16_bin.5.fa,79_1,0.050000000000000044,average,gANI,79
Aply21_bin.1.fa,79_1,0.050000000000000044,average,gANI,79
Aply22_bin.40.fa,79_1,0.050000000000000044,average,gANI,79
Aply23_bin.19.fa,79_1,0.050000000000000044,average,gANI,79
Pf11_bin.52.fa,79_2,0.050000000000000044,average,gANI,79
Pf5_bin.52.fa,79_2,0.050000000000000044,average,gANI,79
Pf9_bin.24.fa,79_3,0.050000000000000044,average,gANI,79
gb2_2_bin.46.fa,80_0,0.050000000000000044,average,gANI,80
gb5_2_bin.34.fa,81_0,0.050000000000000044,average,gANI,81
Aply16_bin.6.fa,82_1,0.050000000000000044,average,gANI,82
Aply21_bin.15.fa,82_1,0.050000000000000044,average,gANI,82
Aply22_bin.11.fa,82_1,0.050000000000000044,average,gANI,82
Aply23_bin.18.fa,82_1,0.050000000000000044,average,gANI,82
Pf10_bin.42.fa,83_1,0.050000000000000044,average,gANI,83
Pf11_bin.14.fa,83_1,0.050000000000000044,average,gANI,83
Pf12_bin.3.fa,83_1,0.050000000000000044,average,gANI,83
Pf4_bin.47.fa,83_1,0.050000000000000044,average,gANI,83
Pf5_bin.31.fa,83_1,0.050000000000000044,average,gANI,83
Pf6_bin.34.fa,83_1,0.050000000000000044,average,gANI,83
Pf7_bin.4.fa,83_1,0.050000000000000044,average,gANI,83
Pf8_bin.2.fa,83_1,0.050000000000000044,average,gANI,83
Pf9_bin.50.fa,83_1,0.050000000000000044,average,gANI,83
gb10_bin.46.fa,84_1,0.050000000000000044,average,gANI,84
gb278_bin.70.fa,84_1,0.050000000000000044,average,gANI,84
gb2_2_bin.4.fa,84_1,0.050000000000000044,average,gANI,84
gb3_2_bin.33.fa,84_1,0.050000000000000044,average,gANI,84
gb4_2_bin.48.fa,84_1,0.050000000000000044,average,gANI,84
gb7_bin.58.fa,84_1,0.050000000000000044,average,gANI,84
gb9_bin.54.fa,84_1,0.050000000000000044,average,gANI,84
Pf10_bin.39.fa,85_1,0.050000000000000044,average,gANI,85
Pf11_bin.22.fa,85_1,0.050000000000000044,average,gANI,85
Pf12_bin.1.fa,85_1,0.050000000000000044,average,gANI,85
Pf6_bin.22.fa,85_1,0.050000000000000044,average,gANI,85
Pf7_bin.44.fa,85_1,0.050000000000000044,average,gANI,85
Pf8_bin.6.fa,85_1,0.050000000000000044,average,gANI,85
Pf5_bin.13.fa,86_0,0.050000000000000044,average,gANI,86
gb3_2_bin.45.fa,87_0,0.050000000000000044,average,gANI,87
Pf7_bin.52.fa,88_0,0.050000000000000044,average,gANI,88
gb10_bin.56.fa,89_1,0.050000000000000044,average,gANI,89
gb126_bin.25.fa,89_1,0.050000000000000044,average,gANI,89
gb1_bin.26.fa,89_1,0.050000000000000044,average,gANI,89
gb278_bin.55.fa,89_1,0.050000000000000044,average,gANI,89
gb2_2_bin.42.fa,89_1,0.050000000000000044,average,gANI,89
gb305_bin.13.fa,89_1,0.050000000000000044,average,gANI,89
gb3_2_bin.10.fa,89_1,0.050000000000000044,average,gANI,89
gb4_2_bin.4.fa,89_1,0.050000000000000044,average,gANI,89
gb5_2_bin.51.fa,89_1,0.050000000000000044,average,gANI,89
gb6_bin.26.fa,89_1,0.050000000000000044,average,gANI,89
gb7_bin.56.fa,89_1,0.050000000000000044,average,gANI,89
gb8_2_bin.11.fa,89_1,0.050000000000000044,average,gANI,89
gb9_bin.15.fa,89_1,0.050000000000000044,average,gANI,89
Aply22_bin.31.fa,89_2,0.050000000000000044,average,gANI,89
Pf11_bin.11.fa,89_2,0.050000000000000044,average,gANI,89
Pf4_bin.31.fa,89_2,0.050000000000000044,average,gANI,89
Pf6_bin.14.fa,89_2,0.050000000000000044,average,gANI,89
Pf7_bin.67.fa,89_2,0.050000000000000044,average,gANI,89
Pf9_bin.8.fa,89_2,0.050000000000000044,average,gANI,89
gb1_bin.34.fa,90_1,0.050000000000000044,average,gANI,90
gb2_2_bin.13.fa,90_1,0.050000000000000044,average,gANI,90
gb3_2_bin.30.fa,90_1,0.050000000000000044,average,gANI,90
gb4_2_bin.25.fa,90_1,0.050000000000000044,average,gANI,90
gb8_2_bin.3.fa,90_1,0.050000000000000044,average,gANI,90
gb10_f_bin.41.fa,91_1,0.050000000000000044,average,gANI,91
gb5_6_f_bin.8.fa,91_1,0.050000000000000044,average,gANI,91
gb5_6_f_bin.54.fa,92_0,0.050000000000000044,average,gANI,92
Aply22_bin.17.fa,93_0,0.050000000000000044,average,gANI,93
gb126_bin.20.fa,94_0,0.050000000000000044,average,gANI,94
gb126_bin.71.fa,95_0,0.050000000000000044,average,gANI,95
sw_7_bin.3.fa,96_0,0.050000000000000044,average,gANI,96
Dys1.2_bin.2.fa,97_0,0.050000000000000044,average,gANI,97
sw_7_bin.10.fa,98_0,0.050000000000000044,average,gANI,98
Pf10_bin.21.fa,99_1,0.050000000000000044,average,gANI,99
Pf11_bin.37.fa,99_1,0.050000000000000044,average,gANI,99
Pf12_bin.58.fa,99_1,0.050000000000000044,average,gANI,99
Pf4_bin.42.fa,99_1,0.050000000000000044,average,gANI,99
Pf6_bin.29.fa,99_1,0.050000000000000044,average,gANI,99
Pf7_bin.14.fa,99_1,0.050000000000000044,average,gANI,99
Pf9_bin.6.fa,99_1,0.050000000000000044,average,gANI,99
gb126_bin.13.fa,100_1,0.050000000000000044,average,gANI,100
gb278_bin.42.fa,100_1,0.050000000000000044,average,gANI,100
gb305_bin.16.fa,100_1,0.050000000000000044,average,gANI,100
Aply16_bin.11.fa,101_1,0.050000000000000044,average,gANI,101
Aply22_bin.41.fa,101_1,0.050000000000000044,average,gANI,101
gb126_bin.3.fa,102_0,0.050000000000000044,average,gANI,102
gb10_bin.62.fa,103_1,0.050000000000000044,average,gANI,103
gb1_bin.27.fa,103_1,0.050000000000000044,average,gANI,103
gb2_2_bin.12.fa,103_1,0.050000000000000044,average,gANI,103
gb3_2_bin.23.fa,103_1,0.050000000000000044,average,gANI,103
gb4_2_bin.8.fa,103_1,0.050000000000000044,average,gANI,103
gb5_2_bin.53.fa,103_1,0.050000000000000044,average,gANI,103
gb6_bin.23.fa,103_1,0.050000000000000044,average,gANI,103
gb7_bin.30.fa,103_1,0.050000000000000044,average,gANI,103
gb8_2_bin.2.fa,103_1,0.050000000000000044,average,gANI,103
gb9_bin.11.fa,103_1,0.050000000000000044,average,gANI,103
Pf11_bin.6.fa,104_1,0.050000000000000044,average,gANI,104
Pf4_bin.66.fa,104_1,0.050000000000000044,average,gANI,104
Pf7_bin.5.fa,104_1,0.050000000000000044,average,gANI,104
Pf9_bin.25.fa,104_1,0.050000000000000044,average,gANI,104
gb126_bin.6.fa,105_1,0.050000000000000044,average,gANI,105
gb278_bin.3.fa,105_1,0.050000000000000044,average,gANI,105
gb2_2_bin.28.fa,105_1,0.050000000000000044,average,gANI,105
gb305_bin.3.fa,105_1,0.050000000000000044,average,gANI,105
gb3_2_bin.43.fa,105_1,0.050000000000000044,average,gANI,105
gb4_2_bin.2.fa,105_1,0.050000000000000044,average,gANI,105
gb5_2_bin.31.fa,105_1,0.050000000000000044,average,gANI,105
gb6_bin.28.fa,105_1,0.050000000000000044,average,gANI,105
gb7_bin.73.fa,105_1,0.050000000000000044,average,gANI,105
gb8_2_bin.7.fa,105_1,0.050000000000000044,average,gANI,105
Pf6_bin.9.fa,106_1,0.050000000000000044,average,gANI,106
Pf7_bin.31.fa,106_1,0.050000000000000044,average,gANI,106
Pf12_bin.18.fa,106_2,0.050000000000000044,average,gANI,106
Pf4_bin.44.fa,106_2,0.050000000000000044,average,gANI,106
gb10_f_bin.53.fa,107_1,0.050000000000000044,average,gANI,107
gb5_6_f_bin.16.fa,107_1,0.050000000000000044,average,gANI,107
gb_1_f_bin.33.fa,107_1,0.050000000000000044,average,gANI,107
gb_2_f_bin.14.fa,107_1,0.050000000000000044,average,gANI,107
gb_f_3_bin.1.fa,107_1,0.050000000000000044,average,gANI,107
gb_f_9_bin.33.fa,107_1,0.050000000000000044,average,gANI,107
gb10_f_bin.55.fa,108_1,0.050000000000000044,average,gANI,108
gb5_6_f_bin.17.fa,108_1,0.050000000000000044,average,gANI,108
gb_1_f_bin.28.fa,108_1,0.050000000000000044,average,gANI,108
gb_2_f_bin.16.fa,108_1,0.050000000000000044,average,gANI,108
gb_f_3_bin.18.fa,108_1,0.050000000000000044,average,gANI,108
gb_f_9_bin.4.fa,108_1,0.050000000000000044,average,gANI,108
gb126_bin.24.fa,109_1,0.050000000000000044,average,gANI,109
gb305_bin.51.fa,109_1,0.050000000000000044,average,gANI,109
Aply21_bin.12.fa,110_1,0.050000000000000044,average,gANI,110
Aply22_bin.26.fa,110_1,0.050000000000000044,average,gANI,110
Aply23_bin.6.fa,110_1,0.050000000000000044,average,gANI,110
Pf10_bin.32.fa,110_1,0.050000000000000044,average,gANI,110
Pf11_bin.35.fa,110_1,0.050000000000000044,average,gANI,110
Pf12_bin.36.fa,110_1,0.050000000000000044,average,gANI,110
Pf4_bin.24.fa,110_1,0.050000000000000044,average,gANI,110
Pf5_bin.2.fa,110_1,0.050000000000000044,average,gANI,110
Pf6_bin.47.fa,110_1,0.050000000000000044,average,gANI,110
Pf7_bin.66.fa,110_1,0.050000000000000044,average,gANI,110
Pf8_bin.34.fa,110_1,0.050000000000000044,average,gANI,110
Pf9_bin.20.fa,110_1,0.050000000000000044,average,gANI,110
gb1_bin.31.fa,111_1,0.050000000000000044,average,gANI,111
gb2_2_bin.18.fa,111_1,0.050000000000000044,average,gANI,111
gb126_bin.75.fa,111_2,0.050000000000000044,average,gANI,111
gb278_bin.69.fa,111_2,0.050000000000000044,average,gANI,111
gb305_bin.53.fa,111_2,0.050000000000000044,average,gANI,111
Pf10_bin.15.fa,112_1,0.050000000000000044,average,gANI,112
Pf4_bin.13.fa,112_1,0.050000000000000044,average,gANI,112
Pf5_bin.19.fa,112_1,0.050000000000000044,average,gANI,112
Pf6_bin.61.fa,112_1,0.050000000000000044,average,gANI,112
Pf7_bin.46.fa,112_1,0.050000000000000044,average,gANI,112
gb10_bin.11.fa,113_1,0.050000000000000044,average,gANI,113
gb126_bin.29.fa,113_1,0.050000000000000044,average,gANI,113
gb1_bin.39.fa,113_1,0.050000000000000044,average,gANI,113
gb278_bin.57.fa,113_1,0.050000000000000044,average,gANI,113
gb2_2_bin.65.fa,113_1,0.050000000000000044,average,gANI,113
gb3_2_bin.40.fa,113_1,0.050000000000000044,average,gANI,113
gb4_2_bin.42.fa,113_1,0.050000000000000044,average,gANI,113
gb5_2_bin.9.fa,113_1,0.050000000000000044,average,gANI,113
gb6_bin.14.fa,113_1,0.050000000000000044,average,gANI,113
gb9_bin.38.fa,113_1,0.050000000000000044,average,gANI,113
Aply16_bin.4.fa,114_0,0.050000000000000044,average,gANI,114
Pf7_bin.19.fa,115_0,0.050000000000000044,average,gANI,115
Pf10_bin.46.fa,116_1,0.050000000000000044,average,gANI,116
Pf11_bin.39.fa,116_1,0.050000000000000044,average,gANI,116
Pf5_bin.22.fa,116_1,0.050000000000000044,average,gANI,116
Pf7_bin.24.fa,116_1,0.050000000000000044,average,gANI,116
Pf8_bin.15.fa,116_1,0.050000000000000044,average,gANI,116
gb305_bin.22.fa,117_0,0.050000000000000044,average,gANI,117
gb7_bin.52.fa,118_0,0.050000000000000044,average,gANI,118
Pf4_bin.21.fa,119_1,0.050000000000000044,average,gANI,119
Pf7_bin.33.fa,119_1,0.050000000000000044,average,gANI,119
gb126_bin.44.fa,120_1,0.050000000000000044,average,gANI,120
gb278_bin.63.fa,120_1,0.050000000000000044,average,gANI,120
gb305_bin.1.fa,120_1,0.050000000000000044,average,gANI,120
gb10_bin.17.fa,120_2,0.050000000000000044,average,gANI,120
gb1_bin.29.fa,120_2,0.050000000000000044,average,gANI,120
gb2_2_bin.45.fa,120_2,0.050000000000000044,average,gANI,120
gb3_2_bin.62.fa,120_2,0.050000000000000044,average,gANI,120
gb4_2_bin.21.fa,120_2,0.050000000000000044,average,gANI,120
gb5_2_bin.32.fa,120_2,0.050000000000000044,average,gANI,120
gb6_bin.12.fa,120_2,0.050000000000000044,average,gANI,120
gb7_bin.25.fa,120_2,0.050000000000000044,average,gANI,120
gb8_2_bin.19.fa,120_2,0.050000000000000044,average,gANI,120
gb9_bin.3.fa,120_2,0.050000000000000044,average,gANI,120
gb10_bin.14.fa,121_1,0.050000000000000044,average,gANI,121
gb1_bin.67.fa,121_1,0.050000000000000044,average,gANI,121
gb2_2_bin.57.fa,121_1,0.050000000000000044,average,gANI,121
gb4_2_bin.18.fa,121_1,0.050000000000000044,average,gANI,121
gb5_2_bin.46.fa,121_1,0.050000000000000044,average,gANI,121
gb6_bin.50.fa,121_1,0.050000000000000044,average,gANI,121
gb7_bin.13.fa,121_1,0.050000000000000044,average,gANI,121
gb8_2_bin.14.fa,121_1,0.050000000000000044,average,gANI,121
gb9_bin.1.fa,121_1,0.050000000000000044,average,gANI,121
gb126_bin.31.fa,122_0,0.050000000000000044,average,gANI,122
gb126_bin.65.fa,123_1,0.050000000000000044,average,gANI,123
gb278_bin.39.fa,123_1,0.050000000000000044,average,gANI,123
gb305_bin.61.fa,123_1,0.050000000000000044,average,gANI,123
gb126_bin.36.fa,124_0,0.050000000000000044,average,gANI,124
Aply22_bin.39.fa,125_0,0.050000000000000044,average,gANI,125
Pf9_bin.9.fa,126_0,0.050000000000000044,average,gANI,126
Pf5_bin.16.fa,127_0,0.050000000000000044,average,gANI,127
gb9_bin.59.fa,128_0,0.050000000000000044,average,gANI,128
gb10_bin.3.fa,129_1,0.050000000000000044,average,gANI,129
gb1_bin.40.fa,129_1,0.050000000000000044,average,gANI,129
gb2_2_bin.35.fa,129_1,0.050000000000000044,average,gANI,129
gb3_2_bin.3.fa,129_1,0.050000000000000044,average,gANI,129
gb4_2_bin.33.fa,129_1,0.050000000000000044,average,gANI,129
gb5_2_bin.36.fa,129_1,0.050000000000000044,average,gANI,129
gb6_bin.58.fa,129_1,0.050000000000000044,average,gANI,129
gb7_bin.18.fa,129_1,0.050000000000000044,average,gANI,129
gb9_bin.19.fa,129_1,0.050000000000000044,average,gANI,129
gb10_bin.8.fa,130_1,0.050000000000000044,average,gANI,130
gb278_bin.37.fa,130_1,0.050000000000000044,average,gANI,130
gb305_bin.33.fa,130_1,0.050000000000000044,average,gANI,130
gb4_2_bin.7.fa,130_1,0.050000000000000044,average,gANI,130
gb7_bin.45.fa,130_1,0.050000000000000044,average,gANI,130
Pf10_bin.35.fa,131_1,0.050000000000000044,average,gANI,131
Pf11_bin.31.fa,131_1,0.050000000000000044,average,gANI,131
Pf12_bin.37.fa,131_1,0.050000000000000044,average,gANI,131
Pf4_bin.20.fa,131_1,0.050000000000000044,average,gANI,131
Pf5_bin.23.fa,131_1,0.050000000000000044,average,gANI,131
Pf6_bin.46.fa,131_1,0.050000000000000044,average,gANI,131
Pf7_bin.36.fa,131_1,0.050000000000000044,average,gANI,131
Pf8_bin.17.fa,131_1,0.050000000000000044,average,gANI,131
gb3_2_bin.16.fa,131_2,0.050000000000000044,average,gANI,131
gb10_bin.5.fa,132_1,0.050000000000000044,average,gANI,132
gb126_bin.74.fa,132_1,0.050000000000000044,average,gANI,132
gb1_bin.7.fa,132_1,0.050000000000000044,average,gANI,132
gb2_2_bin.20.fa,132_1,0.050000000000000044,average,gANI,132
gb305_bin.45.fa,132_1,0.050000000000000044,average,gANI,132
gb3_2_bin.11.fa,132_1,0.050000000000000044,average,gANI,132
gb4_2_bin.35.fa,132_1,0.050000000000000044,average,gANI,132
gb5_2_bin.45.fa,132_1,0.050000000000000044,average,gANI,132
gb6_bin.13.fa,132_1,0.050000000000000044,average,gANI,132
gb8_2_bin.40.fa,132_1,0.050000000000000044,average,gANI,132
gb9_bin.51.fa,132_1,0.050000000000000044,average,gANI,132
Aply16_bin.23.fa,133_1,0.050000000000000044,average,gANI,133
Aply21_bin.4.fa,133_1,0.050000000000000044,average,gANI,133
Aply22_bin.23.fa,133_1,0.050000000000000044,average,gANI,133
Aply23_bin.15.fa,133_1,0.050000000000000044,average,gANI,133
Pf11_bin.13.fa,134_1,0.050000000000000044,average,gANI,134
Pf4_bin.5.fa,134_1,0.050000000000000044,average,gANI,134
Pf5_bin.28.fa,134_1,0.050000000000000044,average,gANI,134
Pf7_bin.22.fa,134_1,0.050000000000000044,average,gANI,134
Pf9_bin.29.fa,134_1,0.050000000000000044,average,gANI,134
Pf12_bin.44.fa,134_2,0.050000000000000044,average,gANI,134
Pf10_bin.54.fa,135_1,0.050000000000000044,average,gANI,135
Pf11_bin.49.fa,135_1,0.050000000000000044,average,gANI,135
Pf12_bin.35.fa,135_1,0.050000000000000044,average,gANI,135
Pf5_bin.34.fa,135_1,0.050000000000000044,average,gANI,135
Pf6_bin.3.fa,135_1,0.050000000000000044,average,gANI,135
Pf7_bin.39.fa,135_1,0.050000000000000044,average,gANI,135
Pf8_bin.14.fa,135_1,0.050000000000000044,average,gANI,135
Pf9_bin.47.fa,135_1,0.050000000000000044,average,gANI,135
Pf10_bin.30.fa,136_1,0.050000000000000044,average,gANI,136
Pf11_bin.33.fa,136_1,0.050000000000000044,average,gANI,136
Pf12_bin.23.fa,136_1,0.050000000000000044,average,gANI,136
Pf4_bin.16.fa,136_1,0.050000000000000044,average,gANI,136
Pf5_bin.57.fa,136_1,0.050000000000000044,average,gANI,136
Pf6_bin.15.fa,136_1,0.050000000000000044,average,gANI,136
Pf7_bin.40.fa,136_1,0.050000000000000044,average,gANI,136
Pf8_bin.24.fa,136_1,0.050000000000000044,average,gANI,136
Pf9_bin.42.fa,136_1,0.050000000000000044,average,gANI,136
gb10_bin.21.fa,137_1,0.050000000000000044,average,gANI,137
gb126_bin.10.fa,137_1,0.050000000000000044,average,gANI,137
gb1_bin.56.fa,137_1,0.050000000000000044,average,gANI,137
gb278_bin.22.fa,137_1,0.050000000000000044,average,gANI,137
gb2_2_bin.29.fa,137_1,0.050000000000000044,average,gANI,137
gb305_bin.43.fa,137_1,0.050000000000000044,average,gANI,137
gb3_2_bin.61.fa,137_1,0.050000000000000044,average,gANI,137
gb4_2_bin.17.fa,137_1,0.050000000000000044,average,gANI,137
gb6_bin.35.fa,137_1,0.050000000000000044,average,gANI,137
gb7_bin.16.fa,137_1,0.050000000000000044,average,gANI,137
gb8_2_bin.43.fa,137_1,0.050000000000000044,average,gANI,137
gb9_bin.52.fa,137_1,0.050000000000000044,average,gANI,137
Aply22_bin.37.fa,137_2,0.050000000000000044,average,gANI,137
gb278_bin.53.fa,138_1,0.050000000000000044,average,gANI,138
gb305_bin.19.fa,138_1,0.050000000000000044,average,gANI,138
gb5_2_bin.13.fa,138_2,0.050000000000000044,average,gANI,138
gb126_bin.26.fa,139_1,0.050000000000000044,average,gANI,139
gb278_bin.33.fa,139_1,0.050000000000000044,average,gANI,139
gb305_bin.71.fa,139_1,0.050000000000000044,average,gANI,139
gb126_bin.18.fa,140_0,0.050000000000000044,average,gANI,140
Pf10_bin.7.fa,141_1,0.050000000000000044,average,gANI,141
Pf11_bin.58.fa,141_1,0.050000000000000044,average,gANI,141
Pf12_bin.7.fa,141_1,0.050000000000000044,average,gANI,141
Pf6_bin.21.fa,141_1,0.050000000000000044,average,gANI,141
Pf7_bin.62.fa,141_1,0.050000000000000044,average,gANI,141
Pf8_bin.39.fa,141_1,0.050000000000000044,average,gANI,141
Pf10_bin.34.fa,142_1,0.050000000000000044,average,gANI,142
Pf11_bin.40.fa,142_1,0.050000000000000044,average,gANI,142
Pf4_bin.25.fa,142_1,0.050000000000000044,average,gANI,142
Pf5_bin.45.fa,142_1,0.050000000000000044,average,gANI,142
Pf6_bin.58.fa,142_1,0.050000000000000044,average,gANI,142
Pf9_bin.18.fa,142_1,0.050000000000000044,average,gANI,142
Pf11_bin.38.fa,143_1,0.050000000000000044,average,gANI,143
Pf6_bin.10.fa,143_1,0.050000000000000044,average,gANI,143
Pf9_bin.27.fa,143_1,0.050000000000000044,average,gANI,143
gb126_bin.66.fa,144_0,0.050000000000000044,average,gANI,144
Pf6_bin.2.fa,145_1,0.050000000000000044,average,gANI,145
Pf7_bin.68.fa,145_1,0.050000000000000044,average,gANI,145
gb_f_9_bin.8.fa,146_0,0.050000000000000044,average,gANI,146
gb126_bin.9.fa,147_1,0.050000000000000044,average,gANI,147
gb278_bin.50.fa,147_1,0.050000000000000044,average,gANI,147
gb305_bin.38.fa,147_1,0.050000000000000044,average,gANI,147
gb305_bin.7.fa,148_0,0.050000000000000044,average,gANI,148
gb305_bin.15.fa,149_0,0.050000000000000044,average,gANI,149
gb10_bin.2.fa,150_1,0.050000000000000044,average,gANI,150
gb278_bin.15.fa,150_1,0.050000000000000044,average,gANI,150
gb305_bin.69.fa,150_1,0.050000000000000044,average,gANI,150
gb3_2_bin.25.fa,150_1,0.050000000000000044,average,gANI,150
gb6_bin.7.fa,150_1,0.050000000000000044,average,gANI,150
gb7_bin.70.fa,150_1,0.050000000000000044,average,gANI,150
Pf10_bin.6.fa,151_1,0.050000000000000044,average,gANI,151
Pf12_bin.41.fa,151_1,0.050000000000000044,average,gANI,151
Pf5_bin.27.fa,151_1,0.050000000000000044,average,gANI,151
Pf10_bin.4.fa,152_1,0.050000000000000044,average,gANI,152
Pf11_bin.15.fa,152_1,0.050000000000000044,average,gANI,152
Pf12_bin.5.fa,152_1,0.050000000000000044,average,gANI,152
Pf5_bin.40.fa,152_1,0.050000000000000044,average,gANI,152
Pf4_bin.53.fa,152_2,0.050000000000000044,average,gANI,152
gb1_bin.28.fa,153_1,0.050000000000000044,average,gANI,153
gb278_bin.58.fa,153_1,0.050000000000000044,average,gANI,153
gb305_bin.49.fa,153_1,0.050000000000000044,average,gANI,153
gb4_2_bin.23.fa,153_1,0.050000000000000044,average,gANI,153
gb9_bin.25.fa,153_1,0.050000000000000044,average,gANI,153
gb3_2_bin.14.fa,153_2,0.050000000000000044,average,gANI,153
Pf7_bin.23.fa,154_0,0.050000000000000044,average,gANI,154
gb126_bin.14.fa,155_1,0.050000000000000044,average,gANI,155
gb278_bin.6.fa,155_1,0.050000000000000044,average,gANI,155
Aply22_bin.18.fa,156_0,0.050000000000000044,average,gANI,156
sw_7_bin.13.fa,157_1,0.050000000000000044,average,gANI,157
sw_8_bin.9.fa,157_1,0.050000000000000044,average,gANI,157
sw_9_bin.13.fa,157_1,0.050000000000000044,average,gANI,157
sw_8_bin.14.fa,158_1,0.050000000000000044,average,gANI,158
sw_9_bin.9.fa,158_1,0.050000000000000044,average,gANI,158
Pf4_bin.35.fa,159_0,0.050000000000000044,average,gANI,159
gb126_bin.27.fa,160_0,0.050000000000000044,average,gANI,160
gb5_6_f_bin.30.fa,161_0,0.050000000000000044,average,gANI,161
Pf10_bin.37.fa,162_1,0.050000000000000044,average,gANI,162
Pf5_bin.41.fa,162_1,0.050000000000000044,average,gANI,162
Pf6_bin.23.fa,162_1,0.050000000000000044,average,gANI,162
Pf5_bin.32.fa,163_1,0.050000000000000044,average,gANI,163
Pf7_bin.1.fa,163_1,0.050000000000000044,average,gANI,163
Pf8_bin.18.fa,163_1,0.050000000000000044,average,gANI,163
gb278_bin.16.fa,164_1,0.050000000000000044,average,gANI,164
gb305_bin.6.fa,164_1,0.050000000000000044,average,gANI,164
gb278_bin.49.fa,165_1,0.050000000000000044,average,gANI,165
gb305_bin.75.fa,165_1,0.050000000000000044,average,gANI,165
gb278_bin.5.fa,166_0,0.050000000000000044,average,gANI,166
gb10_f_bin.8.fa,167_1,0.050000000000000044,average,gANI,167
gb_f_9_bin.20.fa,167_1,0.050000000000000044,average,gANI,167
Pf10_bin.10.fa,168_1,0.050000000000000044,average,gANI,168
Pf11_bin.44.fa,168_1,0.050000000000000044,average,gANI,168
Pf12_bin.30.fa,168_1,0.050000000000000044,average,gANI,168
Pf4_bin.34.fa,168_1,0.050000000000000044,average,gANI,168
gb126_bin.35.fa,169_1,0.050000000000000044,average,gANI,169
gb278_bin.4.fa,169_1,0.050000000000000044,average,gANI,169
gb10_bin.39.fa,170_1,0.050000000000000044,average,gANI,170
gb126_bin.67.fa,170_1,0.050000000000000044,average,gANI,170
gb1_bin.43.fa,170_1,0.050000000000000044,average,gANI,170
gb2_2_bin.51.fa,170_1,0.050000000000000044,average,gANI,170
gb3_2_bin.48.fa,170_1,0.050000000000000044,average,gANI,170
gb4_2_bin.37.fa,170_1,0.050000000000000044,average,gANI,170
gb5_2_bin.4.fa,170_1,0.050000000000000044,average,gANI,170
gb6_bin.53.fa,170_1,0.050000000000000044,average,gANI,170
gb7_bin.38.fa,170_1,0.050000000000000044,average,gANI,170
gb8_2_bin.59.fa,170_1,0.050000000000000044,average,gANI,170
gb9_bin.33.fa,170_1,0.050000000000000044,average,gANI,170
Pf7_bin.34.fa,171_0,0.050000000000000044,average,gANI,171
sw_8_bin.16.fa,172_1,0.050000000000000044,average,gANI,172
sw_9_bin.11.fa,172_1,0.050000000000000044,average,gANI,172
gb10_bin.42.fa,173_1,0.050000000000000044,average,gANI,173
gb126_bin.73.fa,173_1,0.050000000000000044,average,gANI,173
gb1_bin.44.fa,173_1,0.050000000000000044,average,gANI,173
gb2_2_bin.58.fa,173_1,0.050000000000000044,average,gANI,173
gb305_bin.67.fa,173_1,0.050000000000000044,average,gANI,173
gb3_2_bin.60.fa,173_1,0.050000000000000044,average,gANI,173
gb4_2_bin.58.fa,173_1,0.050000000000000044,average,gANI,173
gb5_2_bin.66.fa,173_1,0.050000000000000044,average,gANI,173
gb6_bin.39.fa,173_1,0.050000000000000044,average,gANI,173
gb7_bin.37.fa,173_1,0.050000000000000044,average,gANI,173
gb8_2_bin.27.fa,173_1,0.050000000000000044,average,gANI,173
gb9_bin.8.fa,173_1,0.050000000000000044,average,gANI,173
Pf9_bin.39.fa,174_0,0.050000000000000044,average,gANI,174
Pf10_bin.12.fa,175_1,0.050000000000000044,average,gANI,175
Pf11_bin.45.fa,175_1,0.050000000000000044,average,gANI,175
Pf12_bin.25.fa,175_1,0.050000000000000044,average,gANI,175
Pf4_bin.18.fa,175_1,0.050000000000000044,average,gANI,175
Pf5_bin.46.fa,175_1,0.050000000000000044,average,gANI,175
Pf6_bin.5.fa,175_1,0.050000000000000044,average,gANI,175
Pf7_bin.9.fa,175_1,0.050000000000000044,average,gANI,175
Pf8_bin.3.fa,175_1,0.050000000000000044,average,gANI,175
Pf9_bin.5.fa,175_1,0.050000000000000044,average,gANI,175
Aply21_bin.3.fa,175_2,0.050000000000000044,average,gANI,175
Aply22_bin.12.fa,175_3,0.050000000000000044,average,gANI,175
Aply23_bin.1.fa,176_0,0.050000000000000044,average,gANI,176
gb126_bin.45.fa,177_0,0.050000000000000044,average,gANI,177
gb126_bin.78.fa,178_1,0.050000000000000044,average,gANI,178
gb278_bin.64.fa,178_1,0.050000000000000044,average,gANI,178
gb126_bin.23.fa,179_1,0.050000000000000044,average,gANI,179
gb1_bin.9.fa,179_1,0.050000000000000044,average,gANI,179
gb278_bin.73.fa,179_1,0.050000000000000044,average,gANI,179
gb3_2_bin.19.fa,179_1,0.050000000000000044,average,gANI,179
gb10_bin.47.fa,180_1,0.050000000000000044,average,gANI,180
gb2_2_bin.41.fa,180_1,0.050000000000000044,average,gANI,180
gb3_2_bin.15.fa,180_1,0.050000000000000044,average,gANI,180
gb4_2_bin.32.fa,180_1,0.050000000000000044,average,gANI,180
gb5_2_bin.18.fa,180_1,0.050000000000000044,average,gANI,180
gb6_bin.40.fa,180_1,0.050000000000000044,average,gANI,180
gb7_bin.53.fa,180_1,0.050000000000000044,average,gANI,180
gb8_2_bin.25.fa,180_1,0.050000000000000044,average,gANI,180
gb9_bin.45.fa,180_1,0.050000000000000044,average,gANI,180
Pf10_bin.27.fa,181_1,0.050000000000000044,average,gANI,181
Pf12_bin.51.fa,181_1,0.050000000000000044,average,gANI,181
Pf4_bin.32.fa,181_1,0.050000000000000044,average,gANI,181
Pf5_bin.44.fa,181_1,0.050000000000000044,average,gANI,181
Pf6_bin.44.fa,181_1,0.050000000000000044,average,gANI,181
Pf8_bin.20.fa,181_1,0.050000000000000044,average,gANI,181
Aply16_bin.3.fa,181_2,0.050000000000000044,average,gANI,181
Aply21_bin.11.fa,181_2,0.050000000000000044,average,gANI,181
Pf10_bin.13.fa,182_1,0.050000000000000044,average,gANI,182
Pf4_bin.29.fa,182_1,0.050000000000000044,average,gANI,182
Aply22_bin.4.fa,183_1,0.050000000000000044,average,gANI,183
Aply23_bin.17.fa,183_1,0.050000000000000044,average,gANI,183
Pf9_bin.30.fa,184_0,0.050000000000000044,average,gANI,184
gb126_bin.64.fa,185_1,0.050000000000000044,average,gANI,185
gb278_bin.19.fa,185_1,0.050000000000000044,average,gANI,185
gb305_bin.66.fa,185_1,0.050000000000000044,average,gANI,185
Pf11_bin.64.fa,186_1,0.050000000000000044,average,gANI,186
Pf4_bin.27.fa,186_1,0.050000000000000044,average,gANI,186
Pf5_bin.21.fa,186_1,0.050000000000000044,average,gANI,186
Pf6_bin.1.fa,186_1,0.050000000000000044,average,gANI,186
Pf9_bin.44.fa,186_1,0.050000000000000044,average,gANI,186
gb2_2_bin.34.fa,187_1,0.050000000000000044,average,gANI,187
gb5_2_bin.39.fa,187_1,0.050000000000000044,average,gANI,187
gb6_bin.44.fa,187_1,0.050000000000000044,average,gANI,187
gb7_bin.40.fa,187_1,0.050000000000000044,average,gANI,187
gb9_bin.31.fa,187_1,0.050000000000000044,average,gANI,187
gb5_2_bin.5.fa,188_0,0.050000000000000044,average,gANI,188
gb126_bin.56.fa,189_1,0.050000000000000044,average,gANI,189
gb278_bin.9.fa,189_1,0.050000000000000044,average,gANI,189
gb305_bin.37.fa,189_1,0.050000000000000044,average,gANI,189
gb10_bin.9.fa,189_2,0.050000000000000044,average,gANI,189
gb1_bin.3.fa,189_2,0.050000000000000044,average,gANI,189
gb2_2_bin.22.fa,189_2,0.050000000000000044,average,gANI,189
gb7_bin.2.fa,189_2,0.050000000000000044,average,gANI,189
gb9_bin.41.fa,189_2,0.050000000000000044,average,gANI,189
gb10_bin.52.fa,190_1,0.050000000000000044,average,gANI,190
gb1_bin.53.fa,190_1,0.050000000000000044,average,gANI,190
gb2_2_bin.47.fa,190_1,0.050000000000000044,average,gANI,190
gb3_2_bin.26.fa,190_1,0.050000000000000044,average,gANI,190
gb4_2_bin.52.fa,190_1,0.050000000000000044,average,gANI,190
gb9_bin.24.fa,190_1,0.050000000000000044,average,gANI,190
Pf9_bin.38.fa,191_0,0.050000000000000044,average,gANI,191
Pf10_bin.55.fa,192_0,0.050000000000000044,average,gANI,192
gb126_bin.47.fa,193_0,0.050000000000000044,average,gANI,193
gb3_2_bin.9.fa,194_1,0.050000000000000044,average,gANI,194
gb5_2_bin.23.fa,194_1,0.050000000000000044,average,gANI,194
gb6_bin.29.fa,194_1,0.050000000000000044,average,gANI,194
gb7_bin.19.fa,194_1,0.050000000000000044,average,gANI,194
gb126_bin.49.fa,195_1,0.050000000000000044,average,gANI,195
gb5_2_bin.7.fa,195_1,0.050000000000000044,average,gANI,195
gb5_2_bin.54.fa,196_1,0.050000000000000044,average,gANI,196
gb6_bin.11.fa,196_1,0.050000000000000044,average,gANI,196
gb8_2_bin.6.fa,196_1,0.050000000000000044,average,gANI,196
Pf10_bin.28.fa,197_1,0.050000000000000044,average,gANI,197
Pf11_bin.25.fa,197_1,0.050000000000000044,average,gANI,197
Pf12_bin.32.fa,197_1,0.050000000000000044,average,gANI,197
Pf6_bin.33.fa,197_1,0.050000000000000044,average,gANI,197
Aply16_bin.9.fa,198_1,0.050000000000000044,average,gANI,198
Aply21_bin.16.fa,198_1,0.050000000000000044,average,gANI,198
Aply22_bin.29.fa,198_1,0.050000000000000044,average,gANI,198
gb126_bin.48.fa,199_1,0.050000000000000044,average,gANI,199
gb278_bin.56.fa,199_1,0.050000000000000044,average,gANI,199
gb305_bin.46.fa,199_1,0.050000000000000044,average,gANI,199
gb10_bin.61.fa,200_1,0.050000000000000044,average,gANI,200
gb1_bin.54.fa,200_1,0.050000000000000044,average,gANI,200
gb2_2_bin.2.fa,200_1,0.050000000000000044,average,gANI,200
gb3_2_bin.66.fa,200_1,0.050000000000000044,average,gANI,200
gb4_2_bin.14.fa,200_1,0.050000000000000044,average,gANI,200
gb6_bin.15.fa,200_1,0.050000000000000044,average,gANI,200
gb8_2_bin.47.fa,200_1,0.050000000000000044,average,gANI,200
gb9_bin.12.fa,200_1,0.050000000000000044,average,gANI,200
gb126_bin.82.fa,201_1,0.050000000000000044,average,gANI,201
gb278_bin.59.fa,201_1,0.050000000000000044,average,gANI,201
sw_7_bin.5.fa,202_1,0.050000000000000044,average,gANI,202
sw_8_bin.3.fa,202_1,0.050000000000000044,average,gANI,202
sw_9_bin.8.fa,202_1,0.050000000000000044,average,gANI,202
gb126_bin.51.fa,203_1,0.050000000000000044,average,gANI,203
gb305_bin.80.fa,203_1,0.050000000000000044,average,gANI,203
Pf10_bin.14.fa,204_0,0.050000000000000044,average,gANI,204
Pf11_bin.28.fa,205_1,0.050000000000000044,average,gANI,205
Pf12_bin.40.fa,205_1,0.050000000000000044,average,gANI,205
Pf4_bin.30.fa,205_1,0.050000000000000044,average,gANI,205
Pf5_bin.25.fa,205_1,0.050000000000000044,average,gANI,205
Pf7_bin.42.fa,205_1,0.050000000000000044,average,gANI,205
gb5_2_bin.10.fa,206_1,0.050000000000000044,average,gANI,206
gb7_bin.46.fa,206_1,0.050000000000000044,average,gANI,206
gb10_bin.59.fa,207_1,0.050000000000000044,average,gANI,207
gb1_bin.23.fa,207_1,0.050000000000000044,average,gANI,207
gb8_2_bin.5.fa,207_1,0.050000000000000044,average,gANI,207
gb3_2_bin.38.fa,208_1,0.050000000000000044,average,gANI,208
gb5_2_bin.42.fa,208_1,0.050000000000000044,average,gANI,208
gb7_bin.62.fa,208_1,0.050000000000000044,average,gANI,208
Pf10_bin.1.fa,209_1,0.050000000000000044,average,gANI,209
Pf12_bin.28.fa,209_1,0.050000000000000044,average,gANI,209
Pf4_bin.8.fa,209_1,0.050000000000000044,average,gANI,209
Pf7_bin.48.fa,209_1,0.050000000000000044,average,gANI,209
gb10_f_bin.5.fa,210_1,0.050000000000000044,average,gANI,210
gb5_6_f_bin.58.fa,210_1,0.050000000000000044,average,gANI,210
gb_1_f_bin.44.fa,210_1,0.050000000000000044,average,gANI,210
gb_2_f_bin.22.fa,210_1,0.050000000000000044,average,gANI,210
gb_f_3_bin.20.fa,210_1,0.050000000000000044,average,gANI,210
gb_f_9_bin.13.fa,210_1,0.050000000000000044,average,gANI,210
gb2_2_bin.60.fa,211_1,0.050000000000000044,average,gANI,211
gb4_2_bin.26.fa,211_1,0.050000000000000044,average,gANI,211
Pf4_bin.57.fa,212_0,0.050000000000000044,average,gANI,212
Pf12_bin.26.fa,213_1,0.050000000000000044,average,gANI,213
Pf5_bin.33.fa,213_2,0.050000000000000044,average,gANI,213
Pf7_bin.11.fa,214_0,0.050000000000000044,average,gANI,214
gb10_bin.4.fa,215_1,0.050000000000000044,average,gANI,215
gb1_bin.4.fa,215_1,0.050000000000000044,average,gANI,215
gb3_2_bin.57.fa,215_1,0.050000000000000044,average,gANI,215
gb6_bin.1.fa,215_1,0.050000000000000044,average,gANI,215
Aply21_bin.5.fa,215_2,0.050000000000000044,average,gANI,215
Pf7_bin.59.fa,215_3,0.050000000000000044,average,gANI,215
gb3_2_bin.44.fa,216_0,0.050000000000000044,average,gANI,216
Pf11_bin.36.fa,217_1,0.050000000000000044,average,gANI,217
Pf4_bin.36.fa,217_1,0.050000000000000044,average,gANI,217
Pf10_bin.23.fa,218_1,0.050000000000000044,average,gANI,218
Pf4_bin.1.fa,218_1,0.050000000000000044,average,gANI,218
Pf6_bin.28.fa,218_1,0.050000000000000044,average,gANI,218
Pf7_bin.54.fa,218_1,0.050000000000000044,average,gANI,218
gb10_f_bin.37.fa,219_1,0.050000000000000044,average,gANI,219
gb_f_9_bin.30.fa,219_1,0.050000000000000044,average,gANI,219
gb10_bin.40.fa,220_1,0.050000000000000044,average,gANI,220
gb1_bin.35.fa,220_1,0.050000000000000044,average,gANI,220
gb2_2_bin.61.fa,220_1,0.050000000000000044,average,gANI,220
gb3_2_bin.69.fa,220_1,0.050000000000000044,average,gANI,220
gb6_bin.3.fa,220_1,0.050000000000000044,average,gANI,220
gb7_bin.60.fa,220_1,0.050000000000000044,average,gANI,220
gb8_2_bin.33.fa,220_1,0.050000000000000044,average,gANI,220
gb9_bin.35.fa,220_1,0.050000000000000044,average,gANI,220
Pf11_bin.53.fa,221_1,0.050000000000000044,average,gANI,221
Pf5_bin.5.fa,221_1,0.050000000000000044,average,gANI,221
Aply16_bin.12.fa,222_1,0.050000000000000044,average,gANI,222
Aply22_bin.48.fa,222_1,0.050000000000000044,average,gANI,222
Pf4_bin.51.fa,222_1,0.050000000000000044,average,gANI,222
Pf6_bin.36.fa,222_1,0.050000000000000044,average,gANI,222
Pf9_bin.15.fa,222_1,0.050000000000000044,average,gANI,222
Pf12_bin.20.fa,222_2,0.050000000000000044,average,gANI,222
Pf10_bin.22.fa,223_1,0.050000000000000044,average,gANI,223
Pf11_bin.47.fa,223_1,0.050000000000000044,average,gANI,223
Pf12_bin.60.fa,223_1,0.050000000000000044,average,gANI,223
Pf4_bin.48.fa,223_1,0.050000000000000044,average,gANI,223
Pf5_bin.3.fa,223_1,0.050000000000000044,average,gANI,223
Pf6_bin.52.fa,223_1,0.050000000000000044,average,gANI,223
Pf8_bin.23.fa,223_1,0.050000000000000044,average,gANI,223
gb126_bin.55.fa,224_1,0.050000000000000044,average,gANI,224
gb1_bin.1.fa,224_1,0.050000000000000044,average,gANI,224
gb278_bin.75.fa,224_1,0.050000000000000044,average,gANI,224
gb6_bin.34.fa,224_1,0.050000000000000044,average,gANI,224
gb7_bin.51.fa,224_1,0.050000000000000044,average,gANI,224
gb8_2_bin.60.fa,224_1,0.050000000000000044,average,gANI,224
Pf10_bin.44.fa,225_1,0.050000000000000044,average,gANI,225
Pf11_bin.9.fa,225_1,0.050000000000000044,average,gANI,225
Pf4_bin.65.fa,225_1,0.050000000000000044,average,gANI,225
Pf7_bin.29.fa,225_1,0.050000000000000044,average,gANI,225
Pf8_bin.45.fa,225_1,0.050000000000000044,average,gANI,225
Pf9_bin.12.fa,225_1,0.050000000000000044,average,gANI,225
Aply21_bin.8.fa,226_1,0.050000000000000044,average,gANI,226
Aply23_bin.5.fa,226_1,0.050000000000000044,average,gANI,226
Pf10_bin.43.fa,226_1,0.050000000000000044,average,gANI,226
Pf11_bin.63.fa,226_1,0.050000000000000044,average,gANI,226
Pf12_bin.55.fa,226_1,0.050000000000000044,average,gANI,226
Pf4_bin.39.fa,226_1,0.050000000000000044,average,gANI,226
Pf7_bin.2.fa,226_1,0.050000000000000044,average,gANI,226
gb305_bin.41.fa,227_0,0.050000000000000044,average,gANI,227
Pf7_bin.60.fa,228_1,0.050000000000000044,average,gANI,228
Pf9_bin.53.fa,228_1,0.050000000000000044,average,gANI,228
Aply22_bin.19.fa,229_0,0.050000000000000044,average,gANI,229
Pf11_bin.3.fa,230_0,0.050000000000000044,average,gANI,230
gb305_bin.78.fa,231_0,0.050000000000000044,average,gANI,231
Pf10_bin.2.fa,232_1,0.050000000000000044,average,gANI,232
Pf11_bin.1.fa,232_1,0.050000000000000044,average,gANI,232
Pf12_bin.16.fa,232_1,0.050000000000000044,average,gANI,232
Pf4_bin.63.fa,232_1,0.050000000000000044,average,gANI,232
Pf7_bin.63.fa,232_1,0.050000000000000044,average,gANI,232
Pf9_bin.33.fa,232_1,0.050000000000000044,average,gANI,232
gb1_bin.17.fa,233_1,0.050000000000000044,average,gANI,233
gb8_2_bin.8.fa,233_1,0.050000000000000044,average,gANI,233
gb305_bin.35.fa,233_2,0.050000000000000044,average,gANI,233
gb4_2_bin.61.fa,234_0,0.050000000000000044,average,gANI,234
Pf12_bin.19.fa,235_1,0.050000000000000044,average,gANI,235
Pf5_bin.48.fa,235_1,0.050000000000000044,average,gANI,235
Pf8_bin.30.fa,235_1,0.050000000000000044,average,gANI,235
Cr15_bin.1.fa,236_0,0.050000000000000044,average,gANI,236
gb10_bin.28.fa,237_1,0.050000000000000044,average,gANI,237
gb126_bin.76.fa,237_1,0.050000000000000044,average,gANI,237
gb1_bin.12.fa,237_1,0.050000000000000044,average,gANI,237
gb3_2_bin.34.fa,237_1,0.050000000000000044,average,gANI,237
gb6_bin.25.fa,237_1,0.050000000000000044,average,gANI,237
gb7_bin.42.fa,237_1,0.050000000000000044,average,gANI,237
gb8_2_bin.44.fa,237_1,0.050000000000000044,average,gANI,237
gb9_bin.49.fa,237_1,0.050000000000000044,average,gANI,237
gb1_bin.48.fa,238_1,0.050000000000000044,average,gANI,238
gb2_2_bin.25.fa,238_1,0.050000000000000044,average,gANI,238
gb3_2_bin.12.fa,238_1,0.050000000000000044,average,gANI,238
gb4_2_bin.24.fa,238_1,0.050000000000000044,average,gANI,238
gb5_2_bin.40.fa,238_1,0.050000000000000044,average,gANI,238
gb6_bin.52.fa,238_1,0.050000000000000044,average,gANI,238
gb7_bin.26.fa,238_1,0.050000000000000044,average,gANI,238
gb9_bin.7.fa,238_1,0.050000000000000044,average,gANI,238
Pf5_bin.39.fa,239_1,0.050000000000000044,average,gANI,239
Pf9_bin.26.fa,239_1,0.050000000000000044,average,gANI,239
Aply22_bin.20.fa,240_1,0.050000000000000044,average,gANI,240
Pf10_bin.25.fa,240_1,0.050000000000000044,average,gANI,240
Pf12_bin.52.fa,240_1,0.050000000000000044,average,gANI,240
Pf4_bin.17.fa,240_1,0.050000000000000044,average,gANI,240
Pf5_bin.12.fa,240_1,0.050000000000000044,average,gANI,240
Pf6_bin.12.fa,240_1,0.050000000000000044,average,gANI,240
Pf8_bin.35.fa,240_1,0.050000000000000044,average,gANI,240
Aply16_bin.16.fa,241_1,0.050000000000000044,average,gANI,241
Aply22_bin.34.fa,241_1,0.050000000000000044,average,gANI,241
Pf11_bin.19.fa,241_2,0.050000000000000044,average,gANI,241
Pf12_bin.15.fa,241_2,0.050000000000000044,average,gANI,241
Pf4_bin.41.fa,241_2,0.050000000000000044,average,gANI,241
Pf5_bin.47.fa,241_2,0.050000000000000044,average,gANI,241
Pf6_bin.43.fa,241_2,0.050000000000000044,average,gANI,241
gb5_2_bin.22.fa,242_0,0.050000000000000044,average,gANI,242
Aply16_bin.18.fa,243_1,0.050000000000000044,average,gANI,243
Aply22_bin.30.fa,243_1,0.050000000000000044,average,gANI,243
Aply23_bin.3.fa,243_1,0.050000000000000044,average,gANI,243
Pf10_bin.24.fa,243_1,0.050000000000000044,average,gANI,243
Pf11_bin.5.fa,243_1,0.050000000000000044,average,gANI,243
Pf12_bin.6.fa,243_1,0.050000000000000044,average,gANI,243
Pf4_bin.55.fa,243_1,0.050000000000000044,average,gANI,243
Pf5_bin.17.fa,243_1,0.050000000000000044,average,gANI,243
Pf6_bin.24.fa,243_1,0.050000000000000044,average,gANI,243
Pf7_bin.27.fa,243_1,0.050000000000000044,average,gANI,243
Pf8_bin.46.fa,243_1,0.050000000000000044,average,gANI,243
Pf9_bin.34.fa,243_1,0.050000000000000044,average,gANI,243
gb7_bin.28.fa,244_0,0.050000000000000044,average,gANI,244
gb278_bin.54.fa,245_0,0.050000000000000044,average,gANI,245
Pf10_bin.11.fa,246_1,0.050000000000000044,average,gANI,246
Pf12_bin.11.fa,246_1,0.050000000000000044,average,gANI,246
Pf4_bin.2.fa,246_1,0.050000000000000044,average,gANI,246
Pf5_bin.9.fa,246_1,0.050000000000000044,average,gANI,246
Pf6_bin.51.fa,246_1,0.050000000000000044,average,gANI,246
Pf7_bin.13.fa,246_1,0.050000000000000044,average,gANI,246
Pf8_bin.28.fa,246_1,0.050000000000000044,average,gANI,246
Pf9_bin.11.fa,246_1,0.050000000000000044,average,gANI,246
gb10_bin.25.fa,247_1,0.050000000000000044,average,gANI,247
gb126_bin.21.fa,247_1,0.050000000000000044,average,gANI,247
gb1_bin.24.fa,247_1,0.050000000000000044,average,gANI,247
gb278_bin.68.fa,247_1,0.050000000000000044,average,gANI,247
gb2_2_bin.31.fa,247_1,0.050000000000000044,average,gANI,247
gb305_bin.34.fa,247_1,0.050000000000000044,average,gANI,247
gb3_2_bin.56.fa,247_1,0.050000000000000044,average,gANI,247
gb4_2_bin.38.fa,247_1,0.050000000000000044,average,gANI,247
gb5_2_bin.68.fa,247_1,0.050000000000000044,average,gANI,247
gb6_bin.5.fa,247_1,0.050000000000000044,average,gANI,247
gb7_bin.50.fa,247_1,0.050000000000000044,average,gANI,247
gb8_2_bin.50.fa,247_1,0.050000000000000044,average,gANI,247
gb9_bin.5.fa,247_1,0.050000000000000044,average,gANI,247
gb10_bin.26.fa,248_1,0.050000000000000044,average,gANI,248
gb126_bin.72.fa,248_1,0.050000000000000044,average,gANI,248
gb1_bin.52.fa,248_1,0.050000000000000044,average,gANI,248
gb278_bin.26.fa,248_1,0.050000000000000044,average,gANI,248
gb2_2_bin.53.fa,248_1,0.050000000000000044,average,gANI,248
gb3_2_bin.51.fa,248_1,0.050000000000000044,average,gANI,248
gb4_2_bin.16.fa,248_1,0.050000000000000044,average,gANI,248
gb5_2_bin.61.fa,248_1,0.050000000000000044,average,gANI,248
gb6_bin.10.fa,248_1,0.050000000000000044,average,gANI,248
gb7_bin.44.fa,248_1,0.050000000000000044,average,gANI,248
gb8_2_bin.30.fa,248_1,0.050000000000000044,average,gANI,248
gb9_bin.6.fa,248_1,0.050000000000000044,average,gANI,248
gb10_bin.29.fa,249_1,0.050000000000000044,average,gANI,249
gb7_bin.12.fa,249_1,0.050000000000000044,average,gANI,249
Pf7_bin.57.fa,250_0,0.050000000000000044,average,gANI,250
Aply16_bin.1.fa,251_1,0.050000000000000044,average,gANI,251
Aply22_bin.46.fa,251_1,0.050000000000000044,average,gANI,251
Pf10_bin.19.fa,252_1,0.050000000000000044,average,gANI,252
Pf11_bin.2.fa,252_1,0.050000000000000044,average,gANI,252
Pf12_bin.17.fa,252_1,0.050000000000000044,average,gANI,252
Pf4_bin.14.fa,252_1,0.050000000000000044,average,gANI,252
Pf5_bin.10.fa,252_1,0.050000000000000044,average,gANI,252
Pf6_bin.31.fa,252_1,0.050000000000000044,average,gANI,252
Pf7_bin.51.fa,252_1,0.050000000000000044,average,gANI,252
Pf8_bin.1.fa,252_1,0.050000000000000044,average,gANI,252
Pf9_bin.17.fa,252_1,0.050000000000000044,average,gANI,252
gb5_2_bin.49.fa,253_0,0.050000000000000044,average,gANI,253
gb10_f_bin.10.fa,254_0,0.050000000000000044,average,gANI,254
Pf12_bin.2.fa,255_1,0.050000000000000044,average,gANI,255
Pf4_bin.40.fa,255_1,0.050000000000000044,average,gANI,255
Aply22_bin.2.fa,255_2,0.050000000000000044,average,gANI,255
Pf5_bin.43.fa,255_2,0.050000000000000044,average,gANI,255
Pf9_bin.22.fa,255_2,0.050000000000000044,average,gANI,255
Pf10_bin.20.fa,256_1,0.050000000000000044,average,gANI,256
Pf11_bin.26.fa,256_1,0.050000000000000044,average,gANI,256
Pf12_bin.27.fa,256_1,0.050000000000000044,average,gANI,256
Pf5_bin.6.fa,256_1,0.050000000000000044,average,gANI,256
Pf6_bin.37.fa,256_1,0.050000000000000044,average,gANI,256
Pf7_bin.55.fa,256_1,0.050000000000000044,average,gANI,256
Pf8_bin.4.fa,256_1,0.050000000000000044,average,gANI,256
Aply22_bin.16.fa,256_2,0.050000000000000044,average,gANI,256
sw_7_bin.8.fa,257_0,0.050000000000000044,average,gANI,257
Aply21_bin.7.fa,258_1,0.050000000000000044,average,gANI,258
Aply22_bin.43.fa,258_1,0.050000000000000044,average,gANI,258
Aply23_bin.8.fa,258_1,0.050000000000000044,average,gANI,258
gb3_2_bin.29.fa,259_1,0.050000000000000044,average,gANI,259
gb5_2_bin.28.fa,259_1,0.050000000000000044,average,gANI,259
gb6_bin.16.fa,259_1,0.050000000000000044,average,gANI,259
gb7_bin.11.fa,259_1,0.050000000000000044,average,gANI,259
gb9_bin.14.fa,259_1,0.050000000000000044,average,gANI,259
Aply22_bin.47.fa,260_0,0.050000000000000044,average,gANI,260
gb10_f_bin.45.fa,261_1,0.050000000000000044,average,gANI,261
gb5_6_f_bin.34.fa,261_1,0.050000000000000044,average,gANI,261
gb_f_9_bin.29.fa,261_1,0.050000000000000044,average,gANI,261
gb10_f_bin.57.fa,262_1,0.050000000000000044,average,gANI,262
gb5_6_f_bin.53.fa,262_1,0.050000000000000044,average,gANI,262
gb_1_f_bin.42.fa,262_1,0.050000000000000044,average,gANI,262
gb_2_f_bin.33.fa,262_1,0.050000000000000044,average,gANI,262
gb_f_3_bin.19.fa,262_1,0.050000000000000044,average,gANI,262
gb_f_9_bin.31.fa,262_1,0.050000000000000044,average,gANI,262
gb10_f_bin.51.fa,263_1,0.050000000000000044,average,gANI,263
gb5_6_f_bin.18.fa,263_1,0.050000000000000044,average,gANI,263
gb_1_f_bin.19.fa,263_1,0.050000000000000044,average,gANI,263
gb_2_f_bin.34.fa,263_1,0.050000000000000044,average,gANI,263
gb_f_9_bin.3.fa,263_1,0.050000000000000044,average,gANI,263
gb305_bin.8.fa,264_1,0.050000000000000044,average,gANI,264
gb9_bin.13.fa,264_1,0.050000000000000044,average,gANI,264
Pf10_bin.45.fa,265_1,0.050000000000000044,average,gANI,265
Pf12_bin.12.fa,265_1,0.050000000000000044,average,gANI,265
Pf6_bin.35.fa,265_1,0.050000000000000044,average,gANI,265
Pf7_bin.64.fa,265_1,0.050000000000000044,average,gANI,265
Pf8_bin.32.fa,265_1,0.050000000000000044,average,gANI,265
Aply16_bin.19.fa,265_2,0.050000000000000044,average,gANI,265
Aply22_bin.36.fa,265_2,0.050000000000000044,average,gANI,265
Aply16_bin.26.fa,266_1,0.050000000000000044,average,gANI,266
Aply22_bin.32.fa,266_1,0.050000000000000044,average,gANI,266
Pf10_bin.38.fa,266_2,0.050000000000000044,average,gANI,266
Pf11_bin.61.fa,266_2,0.050000000000000044,average,gANI,266
Pf12_bin.38.fa,266_2,0.050000000000000044,average,gANI,266
Pf4_bin.45.fa,266_2,0.050000000000000044,average,gANI,266
Pf5_bin.26.fa,266_2,0.050000000000000044,average,gANI,266
Pf6_bin.38.fa,266_2,0.050000000000000044,average,gANI,266
Pf7_bin.8.fa,266_2,0.050000000000000044,average,gANI,266
Pf8_bin.13.fa,266_2,0.050000000000000044,average,gANI,266
Pf9_bin.31.fa,266_2,0.050000000000000044,average,gANI,266
gb5_2_bin.60.fa,267_0,0.050000000000000044,average,gANI,267
gb5_2_bin.63.fa,268_0,0.050000000000000044,average,gANI,268
Pf10_bin.8.fa,269_1,0.050000000000000044,average,gANI,269
Pf11_bin.24.fa,269_1,0.050000000000000044,average,gANI,269
Pf12_bin.9.fa,269_1,0.050000000000000044,average,gANI,269
Pf5_bin.54.fa,269_1,0.050000000000000044,average,gANI,269
Pf7_bin.58.fa,269_1,0.050000000000000044,average,gANI,269
Pf9_bin.13.fa,269_2,0.050000000000000044,average,gANI,269
Aply22_bin.14.fa,270_1,0.050000000000000044,average,gANI,270
Aply23_bin.11.fa,270_1,0.050000000000000044,average,gANI,270
Pf4_bin.50.fa,270_2,0.050000000000000044,average,gANI,270
Pf6_bin.60.fa,270_2,0.050000000000000044,average,gANI,270
Aply16_bin.8.fa,270_3,0.050000000000000044,average,gANI,270
gb1_bin.47.fa,271_1,0.050000000000000044,average,gANI,271
gb3_2_bin.7.fa,271_1,0.050000000000000044,average,gANI,271
gb4_2_bin.31.fa,271_1,0.050000000000000044,average,gANI,271
gb7_bin.66.fa,271_1,0.050000000000000044,average,gANI,271
gb8_2_bin.58.fa,271_1,0.050000000000000044,average,gANI,271
Pf10_bin.18.fa,272_1,0.050000000000000044,average,gANI,272
Pf11_bin.55.fa,272_1,0.050000000000000044,average,gANI,272
Pf12_bin.24.fa,272_1,0.050000000000000044,average,gANI,272
Pf4_bin.46.fa,272_1,0.050000000000000044,average,gANI,272
Pf5_bin.14.fa,272_1,0.050000000000000044,average,gANI,272
Pf6_bin.57.fa,272_1,0.050000000000000044,average,gANI,272
Pf7_bin.35.fa,272_1,0.050000000000000044,average,gANI,272
Pf8_bin.44.fa,272_1,0.050000000000000044,average,gANI,272
Pf9_bin.45.fa,272_1,0.050000000000000044,average,gANI,272
Aply22_bin.5.fa,273_0,0.050000000000000044,average,gANI,273
gb126_bin.28.fa,274_1,0.050000000000000044,average,gANI,274
gb305_bin.4.fa,274_1,0.050000000000000044,average,gANI,274
Pf11_bin.54.fa,275_1,0.050000000000000044,average,gANI,275
Pf7_bin.61.fa,275_1,0.050000000000000044,average,gANI,275
Pf9_bin.16.fa,275_1,0.050000000000000044,average,gANI,275
gb126_bin.40.fa,276_1,0.050000000000000044,average,gANI,276
gb278_bin.62.fa,276_1,0.050000000000000044,average,gANI,276
gb305_bin.21.fa,276_1,0.050000000000000044,average,gANI,276
gb5_6_f_bin.7.fa,277_0,0.050000000000000044,average,gANI,277
Pf8_bin.5.fa,278_0,0.050000000000000044,average,gANI,278
gb278_bin.45.fa,279_0,0.050000000000000044,average,gANI,279
gb126_bin.1.fa,280_1,0.050000000000000044,average,gANI,280
gb278_bin.18.fa,280_1,0.050000000000000044,average,gANI,280
gb305_bin.39.fa,280_1,0.050000000000000044,average,gANI,280
gb3_2_bin.67.fa,281_0,0.050000000000000044,average,gANI,281
Pf10_bin.5.fa,282_1,0.050000000000000044,average,gANI,282
Pf11_bin.50.fa,282_1,0.050000000000000044,average,gANI,282
Pf12_bin.57.fa,282_1,0.050000000000000044,average,gANI,282
Pf4_bin.58.fa,282_1,0.050000000000000044,average,gANI,282
Pf5_bin.49.fa,282_1,0.050000000000000044,average,gANI,282
Pf6_bin.48.fa,282_1,0.050000000000000044,average,gANI,282
Pf7_bin.3.fa,282_1,0.050000000000000044,average,gANI,282
Pf8_bin.38.fa,282_1,0.050000000000000044,average,gANI,282
Pf9_bin.43.fa,282_1,0.050000000000000044,average,gANI,282
gb10_bin.1.fa,283_1,0.050000000000000044,average,gANI,283
gb1_bin.63.fa,283_1,0.050000000000000044,average,gANI,283
gb278_bin.8.fa,283_1,0.050000000000000044,average,gANI,283
gb4_2_bin.45.fa,283_1,0.050000000000000044,average,gANI,283
gb5_2_bin.30.fa,283_1,0.050000000000000044,average,gANI,283
gb6_bin.21.fa,283_1,0.050000000000000044,average,gANI,283
gb7_bin.54.fa,283_1,0.050000000000000044,average,gANI,283
gb8_2_bin.68.fa,283_1,0.050000000000000044,average,gANI,283
gb9_bin.34.fa,283_1,0.050000000000000044,average,gANI,283
gb10_bin.60.fa,284_1,0.050000000000000044,average,gANI,284
gb1_bin.41.fa,284_1,0.050000000000000044,average,gANI,284
gb278_bin.67.fa,284_1,0.050000000000000044,average,gANI,284
gb2_2_bin.63.fa,284_1,0.050000000000000044,average,gANI,284
gb3_2_bin.41.fa,284_1,0.050000000000000044,average,gANI,284
gb4_2_bin.28.fa,284_1,0.050000000000000044,average,gANI,284
gb5_2_bin.27.fa,284_1,0.050000000000000044,average,gANI,284
gb6_bin.8.fa,284_1,0.050000000000000044,average,gANI,284
gb7_bin.27.fa,284_1,0.050000000000000044,average,gANI,284
gb8_2_bin.1.fa,284_1,0.050000000000000044,average,gANI,284
gb9_bin.47.fa,284_1,0.050000000000000044,average,gANI,284
Pf4_bin.37.fa,285_0,0.050000000000000044,average,gANI,285
gb126_bin.30.fa,286_1,0.050000000000000044,average,gANI,286
gb278_bin.60.fa,286_1,0.050000000000000044,average,gANI,286
gb305_bin.52.fa,286_1,0.050000000000000044,average,gANI,286
Pf4_bin.62.fa,287_0,0.050000000000000044,average,gANI,287
gb305_bin.54.fa,288_0,0.050000000000000044,average,gANI,288
gb10_bin.43.fa,289_1,0.050000000000000044,average,gANI,289
gb126_bin.32.fa,289_1,0.050000000000000044,average,gANI,289
gb1_bin.10.fa,289_1,0.050000000000000044,average,gANI,289
gb278_bin.47.fa,289_1,0.050000000000000044,average,gANI,289
gb2_2_bin.49.fa,289_1,0.050000000000000044,average,gANI,289
gb305_bin.20.fa,289_1,0.050000000000000044,average,gANI,289
gb3_2_bin.42.fa,289_1,0.050000000000000044,average,gANI,289
gb4_2_bin.46.fa,289_1,0.050000000000000044,average,gANI,289
gb5_2_bin.21.fa,289_1,0.050000000000000044,average,gANI,289
gb6_bin.18.fa,289_1,0.050000000000000044,average,gANI,289
gb7_bin.48.fa,289_1,0.050000000000000044,average,gANI,289
gb8_2_bin.26.fa,289_1,0.050000000000000044,average,gANI,289
gb9_bin.30.fa,289_1,0.050000000000000044,average,gANI,289
Aply22_bin.44.fa,290_0,0.050000000000000044,average,gANI,290
Pf4_bin.59.fa,291_1,0.050000000000000044,average,gANI,291
Pf8_bin.36.fa,291_1,0.050000000000000044,average,gANI,291
Pf4_bin.10.fa,292_1,0.050000000000000044,average,gANI,292
Pf9_bin.57.fa,292_1,0.050000000000000044,average,gANI,292
Aply22_bin.45.fa,292_2,0.050000000000000044,average,gANI,292
Aply16_bin.13.fa,292_3,0.050000000000000044,average,gANI,292
Aply23_bin.14.fa,293_0,0.050000000000000044,average,gANI,293
Pf11_bin.32.fa,294_0,0.050000000000000044,average,gANI,294
gb126_bin.52.fa,295_0,0.050000000000000044,average,gANI,295
gb10_f_bin.38.fa,296_1,0.050000000000000044,average,gANI,296
gb5_6_f_bin.3.fa,296_1,0.050000000000000044,average,gANI,296
gb_f_9_bin.2.fa,296_1,0.050000000000000044,average,gANI,296
gb_1_f_bin.10.fa,297_0,0.050000000000000044,average,gANI,297
Pf10_bin.52.fa,298_1,0.050000000000000044,average,gANI,298
Pf11_bin.57.fa,298_1,0.050000000000000044,average,gANI,298
Pf12_bin.56.fa,298_1,0.050000000000000044,average,gANI,298
Pf4_bin.12.fa,298_1,0.050000000000000044,average,gANI,298
Pf5_bin.30.fa,298_1,0.050000000000000044,average,gANI,298
Pf6_bin.25.fa,298_1,0.050000000000000044,average,gANI,298
Pf7_bin.53.fa,298_1,0.050000000000000044,average,gANI,298
Pf8_bin.7.fa,298_1,0.050000000000000044,average,gANI,298
Pf9_bin.46.fa,299_0,0.050000000000000044,average,gANI,299
gb10_f_bin.43.fa,300_1,0.050000000000000044,average,gANI,300
gb5_6_f_bin.1.fa,300_1,0.050000000000000044,average,gANI,300
gb1_bin.13.fa,301_1,0.050000000000000044,average,gANI,301
gb2_2_bin.32.fa,301_1,0.050000000000000044,average,gANI,301
gb3_2_bin.47.fa,301_1,0.050000000000000044,average,gANI,301
gb4_2_bin.22.fa,301_1,0.050000000000000044,average,gANI,301
gb6_bin.59.fa,301_1,0.050000000000000044,average,gANI,301
gb10_f_bin.60.fa,302_1,0.050000000000000044,average,gANI,302
gb5_6_f_bin.40.fa,302_1,0.050000000000000044,average,gANI,302
Pf12_bin.50.fa,303_0,0.050000000000000044,average,gANI,303
sw_8_bin.2.fa,304_0,0.050000000000000044,average,gANI,304
gb_1_f_bin.35.fa,305_1,0.050000000000000044,average,gANI,305
gb_2_f_bin.35.fa,305_1,0.050000000000000044,average,gANI,305
gb_f_3_bin.21.fa,305_1,0.050000000000000044,average,gANI,305
Cr15_bin.4.fa,306_0,0.050000000000000044,average,gANI,306
Cr50_bin.1.fa,307_0,0.050000000000000044,average,gANI,307
Cr50_bin.3.fa,308_0,0.050000000000000044,average,gANI,308
